{"cameraMode":{"drawMode":0,"name":"Shaded","section":"Shading Mode"},"sceneLighting":true,"audioPlay":false,"sceneViewState":{"showFog":true,"showMaterialUpdate":true,"showSkybox":true,"showFlares":true,"showImageEffects":true,"showParticleSystems":true},"in2DMode":false,"pivot":{"x":-1.0204968452453614,"y":0.4039013683795929,"z":2.468640089035034},"rotation":{"x":-0.11021468788385391,"y":0.2983740568161011,"z":-0.03470989316701889,"w":-0.9474300742149353},"size":19.152576446533204,"orthographic":false}